"gene","source"
"ESR1","multi-database+pug"
"ESR2","multi-database+pug"
"AR","multi-database+pug"
"PGR","multi-database+pug"
"THRA","multi-database+pug"
"THRB","multi-database+pug"
"CYP1A1","multi-database+pug"
"CYP1A2","multi-database+pug"
"CYP1B1","multi-database+pug"
"CYP3A4","multi-database+pug"
"CYP19A1","multi-database+pug"
"SULT1A1","multi-database+pug"
"SULT1E1","multi-database+pug"
"UGT1A1","multi-database+pug"
"UGT1A6","multi-database+pug"
"SOD2","multi-database+pug"
"CAT","multi-database+pug"
"GPX1","multi-database+pug"
"NFE2L2","multi-database+pug"
"KEAP1","multi-database+pug"
"TP53","multi-database+pug"
"BCL2","multi-database+pug"
"BAX","multi-database+pug"
"CASP3","multi-database+pug"
"PARP1","multi-database+pug"
"TNF","multi-database+pug"
"IL6","multi-database+pug"
"PTGS2","multi-database+pug"
"NFKB1","multi-database+pug"
"ABCB1","multi-database+pug"
"ABCG2","multi-database+pug"
"SLCO1B1","multi-database+pug"
"FASN","multi-database+pug"
"SCD","multi-database+pug"
"SREBF1","multi-database+pug"
"CDH1","multi-database+pug"
"VIM","multi-database+pug"
"SNAI1","multi-database+pug"
"TWIST1","multi-database+pug"
"AHR","multi-database+pug"
"PPARA","multi-database+pug"
"PPARG","multi-database+pug"
"NR1I2","multi-database+pug"
"NR1I3","multi-database+pug"
"MAPK1","multi-database+pug"
"MAPK3","multi-database+pug"
"AKT1","multi-database+pug"
"PIK3CA","multi-database+pug"
"MTOR","multi-database+pug"
"EGFR","multi-database+pug"
"CCND1","multi-database+pug"
"MYC","multi-database+pug"
"ERBB2","multi-database+pug"
"HIF1A","multi-database+pug"
"VEGFA","multi-database+pug"
"MMP9","multi-database+pug"
"TGFB1","multi-database+pug"
"STAT3","multi-database+pug"
"JUN","multi-database+pug"
"FOS","multi-database+pug"
"RELA","multi-database+pug"
"SP1","multi-database+pug"
"CTNNB1","multi-database+pug"
"CDKN1A","multi-database+pug"
"HTS","multi-database+pug"
"IC50","multi-database+pug"
"AC50","multi-database+pug"
"ATCC","multi-database+pug"
"HEK293","multi-database+pug"
"AMP","multi-database+pug"
"G2","multi-database+pug"
"ER","multi-database+pug"
"P9WGR1","multi-database+pug"
"LASV","multi-database+pug"
"LCMV","multi-database+pug"
"RNP","multi-database+pug"
"DNA","multi-database+pug"
"MIC","multi-database+pug"
"PPAR","multi-database+pug"
"ACP","multi-database+pug"
"P450","multi-database+pug"
"MLPCN","multi-database+pug"
"Q965D5","multi-database+pug"
"MT","multi-database+pug"
"AAI32976","multi-database+pug"
"AEP43755","multi-database+pug"
"ENR","multi-database+pug"
"TGF","multi-database+pug"
"CHRM1","multi-database+pug"
"ADZ17378","multi-database+pug"
"CRE","multi-database+pug"
"GL","multi-database+pug"
"LJ","multi-database+pug"
"MDA","multi-database+pug"
"BL21","multi-database+pug"
"D2","multi-database+pug"
"HTR2A","multi-database+pug"
"WP","multi-database+pug"
"P0AEK4","multi-database+pug"
"ADRB2","multi-database+pug"
"ARE","multi-database+pug"
"DRD2","multi-database+pug"
"EC50","multi-database+pug"
"NADH","multi-database+pug"
"W3110","multi-database+pug"
"H37R","multi-database+pug"
"OCC","multi-database+pug"
"P02766","multi-database+pug"
"BG1","multi-database+pug"
"EPAC1","multi-database+pug"
"EPAC2","multi-database+pug"
"MLL","multi-database+pug"
"VDR","multi-database+pug"
"ERR","multi-database+pug"
"GFP","multi-database+pug"
"K1","multi-database+pug"
"PGC","multi-database+pug"
"TR","multi-database+pug"
"AFN61604","multi-database+pug"
"ATXN","multi-database+pug"
"CAN","multi-database+pug"
"CAR","multi-database+pug"
"CHO","multi-database+pug"
"CO","multi-database+pug"
"DE3","multi-database+pug"
"FXR","multi-database+pug"
"ICU","multi-database+pug"
"NF","multi-database+pug"
"NSD2","multi-database+pug"
"PR","multi-database+pug"
"Q6GI75","multi-database+pug"
"SK","multi-database+pug"
"TSHR","multi-database+pug"
"WT","multi-database+pug"
"FCK2","multi-database+pug"
"P13699","multi-database+pug"
"PXR","multi-database+pug"
"RNA","multi-database+pug"
"SARS","multi-database+pug"
"ADP91253","multi-database+pug"
"ADZ17382","multi-database+pug"
"BAH02282","multi-database+pug"
"BAH02283","multi-database+pug"
"BAH02291","multi-database+pug"
"BK","multi-database+pug"
"CA24N","multi-database+pug"
"EAW81333","multi-database+pug"
"GR","multi-database+pug"
"FRET","multi-database+pug"
"KCNQ1","multi-database+pug"
"NAD","multi-database+pug"
"P09992","multi-database+pug"
"S4","multi-database+pug"
"SCHU","multi-database+pug"
"TRFRET","multi-database+pug"
"U937","multi-database+pug"
"YP","multi-database+pug"
"AAA68151","multi-database+pug"
"AAH14840","multi-database+pug"
"AAH21195","multi-database+pug"
"AAH50743","multi-database+pug"
"AAH96839","multi-database+pug"
"AAI13617","multi-database+pug"
"AAV31779","multi-database+pug"
"AAV38316","multi-database+pug"
"AAY56401","multi-database+pug"
"AC","multi-database+pug"
"ACV","multi-database+pug"
"ADD","multi-database+pug"
"ALOX12","multi-database+pug"
"CBC","multi-database+pug"
"CRF","multi-database+pug"
"D7","multi-database+pug"
"DT40","multi-database+pug"
"GABRA1","multi-database+pug"
"KISS1R","multi-database+pug"
"MV4","multi-database+pug"
"O95398","multi-database+pug"
"OVCAR","multi-database+pug"
"P53","multi-database+pug"
"Q8WZA2","multi-database+pug"
"RAR","multi-database+pug"
"RHR","multi-database+pug"
"ROR","multi-database+pug"
"RTF","multi-database+pug"
"SET","multi-database+pug"
"SYK","multi-database+pug"
"TRHR","multi-database+pug"
"TTR","multi-database+pug"
"UV","multi-database+pug"
"WIP1","multi-database+pug"
"BCD","multi-database+pug"
"D3","multi-database+pug"
"ERG","multi-database+pug"
"HDAC","multi-database+pug"
"HIF","multi-database+pug"
"NBS","multi-database+pug"
"OPRD1","multi-database+pug"
"OPRM1","multi-database+pug"
"SL1344","multi-database+pug"
"TDP1","multi-database+pug"
"AAI07878","multi-database+pug"
"ADZ17337","multi-database+pug"
"ADZ17354","multi-database+pug"
"AP","multi-database+pug"
"ATAD5","multi-database+pug"
"ATC","multi-database+pug"
"BT","multi-database+pug"
"CPT","multi-database+pug"
"CYP2C9","multi-database+pug"
"CYP2D6","multi-database+pug"
"DAF","multi-database+pug"
"H2AX","multi-database+pug"
"HFF","multi-database+pug"
"I392","multi-database+pug"
"KB","multi-database+pug"
"LC50","multi-database+pug"
"MB","multi-database+pug"
"MEK","multi-database+pug"
"MEL","multi-database+pug"
"MS","multi-database+pug"
"NADPH","multi-database+pug"
"P04637","multi-database+pug"
"Q99700","multi-database+pug"
"R1881","multi-database+pug"
"RXR","multi-database+pug"
"SF","multi-database+pug"
"SNCA","multi-database+pug"
"TMEM16A","multi-database+pug"
"WST","multi-database+pug"
"B2","multi-database+pug"
"BL3","multi-database+pug"
"C4","multi-database+pug"
"CAMBH","multi-database+pug"
"EAL24281","multi-database+pug"
"F32","multi-database+pug"
"GLP","multi-database+pug"
"GTP","multi-database+pug"
"HCT","multi-database+pug"
"HIV","multi-database+pug"
"ID","multi-database+pug"
"M1","multi-database+pug"
"MG1655","multi-database+pug"
"MITF","multi-database+pug"
"OD","multi-database+pug"
"P16152","multi-database+pug"
"PDB","multi-database+pug"
"Q5NGQ3","multi-database+pug"
"Q6UCJ9","multi-database+pug"
"TOR","multi-database+pug"
"UTR","multi-database+pug"
